Name,Comment,Dimensions,Filename,Best Tour,Best Distance,Memory Usage (MB),CPU Consumption (%)
a280,drilling problem (Ludwig),280,a280.tsp,"[130, 10, 0, 279, 55, 24, 165, 171, 80, 91, 246, 120, 123, 257, 225, 249, 181, 170, 117, 71, 106, 105, 269, 17, 51, 35, 132, 222, 135, 148, 195, 201, 202, 61, 64, 85, 180, 177, 176, 255, 223, 224, 264, 137, 93, 13, 247, 275, 14, 11, 151, 25, 21, 207, 256, 131, 20, 129, 161, 50, 9, 277, 240, 233, 227, 208, 133, 149, 182, 58, 229, 204, 40, 53, 34, 59, 155, 15, 141, 147, 146, 263, 265, 259, 260, 232, 235, 228, 144, 198, 266, 128, 37, 30, 184, 19, 154, 153, 168, 183, 102, 237, 4, 250, 210, 231, 216, 214, 209, 212, 213, 221, 173, 83, 110, 160, 268, 136, 138, 139, 179, 158, 174, 271, 248, 273, 272, 278, 253, 219, 217, 125, 127, 7, 276, 3, 211, 27, 119, 203, 175, 86, 66, 109, 60, 5, 245, 258, 124, 126, 45, 43, 57, 56, 69, 103, 172, 192, 196, 242, 239, 244, 157, 164, 190, 185, 78, 116, 186, 36, 114, 113, 111, 238, 215, 74, 166, 121, 122, 96, 94, 88, 82, 84, 62, 218, 65, 75, 81, 67, 47, 46, 38, 33, 48, 187, 152, 200, 197, 134, 189, 115, 70, 23, 29, 52, 143, 8, 150, 251, 262, 28, 42, 194, 191, 140, 142, 205, 26, 49, 32, 31, 41, 92, 104, 107, 167, 188, 118, 162, 159, 77, 100, 90, 97, 156, 178, 22, 12, 220, 63, 95, 73, 76, 274, 2, 1, 226, 18, 236, 243, 6, 270, 261, 199, 39, 87, 254, 234, 252, 206, 230, 98, 72, 68, 193, 163, 145, 241, 112, 16, 79, 54, 44, 89, 108, 169, 99, 101, 267]",20521.413415153926,15.56640625,11.4
ali535,535 Airports around the globe (Padberg/Rinaldi),535,ali535.tsp,"[43, 395, 15, 271, 183, 198, 269, 13, 339, 86, 230, 131, 403, 108, 475, 423, 362, 329, 164, 493, 506, 399, 177, 224, 356, 267, 392, 4, 264, 229, 456, 147, 65, 95, 460, 448, 489, 249, 321, 346, 338, 348, 100, 294, 415, 316, 355, 376, 38, 440, 212, 272, 126, 92, 318, 462, 191, 371, 274, 188, 508, 278, 64, 117, 184, 277, 202, 57, 279, 388, 412, 127, 29, 88, 204, 324, 333, 235, 17, 500, 390, 349, 158, 377, 301, 137, 138, 98, 407, 110, 146, 482, 231, 480, 14, 263, 148, 223, 179, 509, 141, 391, 227, 128, 161, 20, 387, 154, 418, 452, 195, 209, 533, 285, 328, 96, 380, 120, 273, 309, 340, 226, 68, 523, 491, 404, 454, 419, 78, 53, 465, 476, 319, 142, 287, 290, 505, 343, 206, 27, 239, 70, 276, 468, 411, 26, 99, 56, 306, 488, 102, 325, 168, 54, 244, 502, 72, 389, 123, 174, 337, 344, 504, 469, 492, 130, 74, 270, 169, 245, 282, 304, 464, 115, 166, 261, 16, 201, 457, 436, 165, 358, 211, 93, 286, 196, 401, 402, 530, 190, 87, 472, 353, 66, 336, 384, 510, 490, 157, 400, 132, 446, 445, 507, 447, 367, 199, 163, 124, 485, 71, 243, 427, 81, 133, 375, 73, 152, 236, 251, 300, 67, 458, 36, 366, 302, 255, 25, 422, 50, 394, 497, 62, 470, 205, 323, 368, 170, 532, 258, 46, 314, 299, 386, 330, 513, 248, 61, 461, 0, 233, 283, 106, 383, 173, 94, 135, 242, 405, 76, 125, 265, 112, 49, 129, 284, 34, 23, 111, 159, 30, 176, 253, 8, 331, 453, 320, 296, 357, 214, 121, 372, 237, 496, 444, 77, 21, 31, 140, 85, 48, 118, 90, 474, 6, 421, 393, 398, 312, 512, 495, 381, 430, 486, 414, 69, 374, 373, 28, 413, 275, 334, 428, 1, 113, 487, 432, 143, 311, 268, 256, 213, 178, 60, 335, 228, 518, 516, 521, 47, 522, 42, 424, 515, 172, 360, 222, 119, 370, 80, 473, 194, 89, 280, 55, 225, 75, 185, 37, 429, 364, 234, 352, 369, 310, 341, 19, 479, 240, 379, 260, 363, 114, 203, 41, 40, 431, 2, 101, 351, 84, 313, 59, 531, 477, 9, 51, 511, 197, 7, 189, 481, 396, 478, 5, 442, 238, 35, 520, 215, 262, 216, 361, 259, 483, 171, 12, 103, 281, 471, 295, 437, 293, 289, 153, 187, 266, 52, 292, 322, 97, 160, 303, 186, 467, 434, 408, 451, 116, 151, 58, 22, 443, 438, 45, 342, 528, 192, 529, 257, 63, 350, 167, 232, 144, 514, 463, 254, 136, 298, 33, 409, 441, 326, 24, 459, 82, 494, 219, 484, 3, 104, 10, 32, 241, 149, 182, 193, 317, 305, 307, 122, 11, 466, 107, 79, 162, 291, 354, 175, 420, 534, 426, 180, 525, 450, 347, 39, 145, 425, 455, 105, 218, 250, 83, 109, 449, 18, 210, 501, 308, 297, 382, 208, 345, 181, 433, 385, 519, 252, 435, 498, 246, 139, 365, 207, 247, 91, 499, 332, 315, 526, 527, 150, 417, 200, 503, 397, 410, 44, 156, 217, 439, 220, 327, 359, 416, 134, 378, 288, 406, 524, 221, 155, 517]",19179.630158819455,15.66015625,-6.499999999999999
att48,48 capitals of the US (Padberg/Rinaldi),48,att48.tsp,"[11, 31, 12, 46, 10, 41, 20, 26, 5, 18, 29, 27, 6, 14, 39, 8, 30, 45, 21, 2, 36, 16, 42, 35, 37, 7, 0, 17, 43, 15, 22, 28, 47, 44, 34, 32, 33, 13, 4, 40, 38, 25, 3, 1, 9, 23, 24, 19]",80470.6279602545,15.66796875,-0.19999999999999996
att532,532-city problem (Padberg/Rinaldi),532,att532.tsp,"[174, 422, 417, 278, 121, 183, 72, 162, 274, 103, 67, 83, 59, 70, 89, 11, 9, 13, 10, 52, 99, 37, 86, 320, 95, 144, 268, 469, 468, 338, 211, 359, 5, 237, 116, 346, 242, 115, 79, 494, 212, 62, 143, 90, 369, 114, 78, 74, 158, 108, 134, 197, 122, 178, 166, 306, 47, 21, 73, 132, 215, 54, 33, 131, 380, 19, 196, 85, 104, 207, 227, 512, 350, 432, 337, 55, 187, 176, 453, 69, 53, 426, 57, 44, 32, 259, 241, 275, 161, 146, 321, 364, 152, 148, 113, 392, 393, 388, 276, 383, 2, 208, 283, 195, 414, 271, 481, 25, 263, 381, 210, 282, 286, 100, 206, 34, 0, 20, 49, 142, 128, 110, 75, 261, 39, 440, 462, 252, 156, 254, 145, 326, 500, 508, 503, 490, 222, 175, 111, 125, 181, 61, 60, 87, 277, 313, 450, 24, 77, 133, 184, 366, 22, 65, 147, 129, 312, 232, 160, 46, 30, 260, 284, 335, 437, 93, 179, 474, 472, 463, 464, 530, 477, 234, 171, 136, 448, 509, 473, 374, 141, 170, 164, 223, 341, 193, 154, 140, 150, 499, 355, 360, 66, 194, 377, 484, 511, 514, 519, 126, 507, 449, 458, 292, 319, 250, 151, 415, 266, 361, 297, 407, 459, 236, 188, 386, 483, 137, 157, 107, 112, 124, 38, 42, 23, 92, 41, 225, 159, 433, 447, 389, 491, 247, 214, 233, 169, 318, 391, 375, 351, 255, 410, 238, 527, 353, 400, 423, 430, 466, 339, 258, 324, 419, 76, 105, 96, 246, 106, 245, 264, 311, 479, 330, 405, 362, 382, 228, 18, 3, 16, 29, 427, 399, 240, 213, 308, 444, 455, 394, 304, 302, 497, 322, 314, 327, 249, 155, 387, 163, 31, 35, 288, 290, 305, 303, 229, 270, 262, 406, 295, 409, 332, 358, 529, 524, 523, 517, 525, 289, 460, 403, 516, 352, 340, 300, 265, 68, 378, 363, 428, 367, 476, 43, 27, 15, 220, 190, 385, 310, 301, 478, 221, 138, 119, 180, 280, 201, 291, 343, 293, 315, 294, 298, 192, 256, 26, 7, 8, 14, 17, 71, 98, 279, 435, 149, 102, 97, 204, 248, 384, 446, 185, 344, 390, 80, 28, 36, 413, 402, 396, 398, 443, 345, 189, 173, 401, 202, 235, 51, 50, 56, 299, 434, 84, 281, 257, 489, 480, 492, 461, 495, 504, 365, 356, 425, 467, 526, 205, 498, 348, 342, 328, 186, 203, 395, 431, 397, 376, 153, 135, 182, 307, 244, 272, 287, 408, 452, 493, 518, 531, 441, 411, 267, 231, 354, 323, 200, 94, 457, 454, 130, 91, 296, 209, 58, 347, 123, 82, 48, 269, 317, 370, 371, 379, 167, 334, 224, 325, 486, 515, 522, 336, 505, 420, 475, 528, 465, 445, 488, 198, 120, 521, 451, 471, 216, 165, 88, 101, 4, 45, 168, 118, 139, 485, 64, 81, 251, 412, 438, 373, 331, 127, 226, 172, 217, 357, 239, 191, 243, 349, 333, 372, 177, 309, 117, 253, 439, 482, 316, 501, 109, 6, 416, 436, 418, 429, 12, 1, 329, 513, 496, 404, 199, 63, 520, 506, 502, 487, 456, 470, 510, 273, 421, 219, 40, 285, 218, 230, 424, 368, 442]",862068.6607152467,15.58203125,-3.3
berlin52,52 locations in Berlin (Groetschel),52,berlin52.tsp,"[9, 8, 32, 24, 46, 25, 37, 4, 47, 5, 14, 7, 48, 18, 44, 17, 34, 35, 26, 13, 12, 45, 0, 38, 22, 19, 49, 39, 33, 3, 23, 30, 41, 6, 28, 29, 1, 21, 40, 43, 2, 31, 20, 36, 42, 15, 50, 11, 51, 10, 27, 16]",18488.28087643557,15.5390625,0.0
bier127,127 Biergaerten in Augsburg (Juenger/Reinelt),127,bier127.tsp,"[63, 99, 28, 32, 106, 126, 51, 123, 120, 12, 88, 91, 46, 59, 55, 24, 41, 39, 30, 113, 5, 105, 34, 29, 33, 36, 43, 53, 65, 6, 18, 20, 21, 22, 114, 10, 115, 89, 25, 37, 79, 77, 83, 125, 82, 23, 9, 101, 109, 108, 104, 14, 16, 27, 121, 117, 47, 45, 48, 26, 11, 78, 76, 19, 0, 15, 69, 87, 86, 52, 70, 68, 80, 94, 35, 42, 3, 13, 38, 7, 8, 119, 64, 49, 17, 58, 57, 112, 50, 40, 73, 92, 93, 71, 72, 75, 118, 62, 60, 2, 61, 97, 100, 122, 111, 107, 74, 116, 4, 85, 84, 95, 1, 90, 67, 103, 56, 44, 102, 54, 31, 81, 66, 124, 98, 110, 96]",424261.75190048554,15.51171875,0.0
burma14,14-Staedte in Burma (Zaw Win),14,burma14.tsp,"[0, 7, 8, 10, 5, 12, 6, 4, 11, 3, 2, 13, 1, 9]",38.74244136646321,15.55078125,0.0
ch130,130 city problem (Churritz),130,ch130.tsp,"[69, 56, 33, 16, 96, 103, 0, 34, 36, 21, 5, 113, 46, 39, 121, 125, 13, 54, 68, 51, 26, 109, 31, 112, 81, 80, 2, 82, 29, 114, 17, 3, 91, 37, 99, 63, 106, 40, 7, 107, 45, 115, 118, 102, 94, 30, 87, 32, 20, 50, 88, 93, 83, 35, 97, 24, 6, 28, 90, 58, 84, 89, 77, 120, 23, 117, 1, 129, 86, 11, 41, 57, 119, 52, 9, 48, 79, 4, 10, 75, 65, 127, 61, 47, 108, 44, 27, 55, 64, 76, 78, 105, 72, 12, 66, 104, 43, 22, 95, 111, 62, 67, 71, 126, 85, 25, 128, 122, 110, 100, 74, 98, 73, 53, 14, 18, 59, 8, 19, 49, 70, 38, 116, 124, 101, 42, 15, 92, 60, 123]",27738.216668934103,15.578125,0.0
ch150,150 city Problem (churritz),150,ch150.tsp,"[73, 20, 15, 112, 9, 51, 31, 22, 128, 105, 118, 45, 104, 148, 61, 26, 146, 58, 120, 88, 62, 83, 102, 0, 46, 115, 6, 145, 143, 116, 133, 106, 47, 4, 109, 130, 34, 23, 27, 1, 98, 113, 24, 85, 119, 65, 79, 121, 13, 14, 129, 59, 50, 68, 126, 60, 8, 52, 100, 89, 69, 74, 32, 42, 101, 57, 54, 66, 76, 135, 149, 67, 70, 77, 72, 125, 7, 142, 117, 140, 36, 114, 90, 18, 17, 141, 84, 134, 95, 81, 123, 75, 29, 33, 53, 94, 92, 86, 132, 78, 2, 91, 111, 16, 35, 12, 71, 21, 103, 28, 131, 64, 96, 5, 41, 56, 40, 38, 144, 137, 25, 108, 11, 39, 138, 122, 124, 43, 87, 82, 55, 10, 139, 63, 127, 44, 3, 30, 80, 19, 49, 136, 37, 48, 147, 93, 110, 99, 97, 107]",33934.96069132628,15.59765625,1.6
